"1","fa fa-address-book","address-book","New Icons in 4.7.0","2017-05-19 10:12:07","0000-00-00 00:00:00"
"2","fa fa-address-book-o","address-book-o","New Icons in 4.7.0","2017-05-19 10:12:07","0000-00-00 00:00:00"
"3","fa fa-address-card","address-card","New Icons in 4.7.0","2017-05-19 10:12:07","0000-00-00 00:00:00"
"4","fa fa-address-card-o","address-card-o","New Icons in 4.7.0","2017-05-19 10:12:07","0000-00-00 00:00:00"
"5","fa fa-bandcamp","bandcamp","New Icons in 4.7.0","2017-05-19 10:12:07","0000-00-00 00:00:00"
"6","fa fa-bath","bath","New Icons in 4.7.0","2017-05-19 10:12:07","0000-00-00 00:00:00"
"7","fa fa-bathtub","bathtub (alias)","New Icons in 4.7.0","2017-05-19 10:12:07","0000-00-00 00:00:00"
"8","fa fa-drivers-license","drivers-license (alias)","New Icons in 4.7.0","2017-05-19 10:12:07","0000-00-00 00:00:00"
"9","fa fa-drivers-license-o","drivers-license-o (alias)","New Icons in 4.7.0","2017-05-19 10:12:07","0000-00-00 00:00:00"
"10","fa fa-eercast","eercast","New Icons in 4.7.0","2017-05-19 10:12:07","0000-00-00 00:00:00"
"11","fa fa-envelope-open","envelope-open","New Icons in 4.7.0","2017-05-19 10:12:07","0000-00-00 00:00:00"
"12","fa fa-envelope-open-o","envelope-open-o","New Icons in 4.7.0","2017-05-19 10:12:07","0000-00-00 00:00:00"
"13","fa fa-etsy","etsy","New Icons in 4.7.0","2017-05-19 10:12:07","0000-00-00 00:00:00"
"14","fa fa-free-code-camp","free-code-camp","New Icons in 4.7.0","2017-05-19 10:12:07","0000-00-00 00:00:00"
"15","fa fa-grav","grav","New Icons in 4.7.0","2017-05-19 10:12:07","0000-00-00 00:00:00"
"16","fa fa-handshake-o","handshake-o","New Icons in 4.7.0","2017-05-19 10:12:07","0000-00-00 00:00:00"
"17","fa fa-id-badge","id-badge","New Icons in 4.7.0","2017-05-19 10:12:07","0000-00-00 00:00:00"
"18","fa fa-id-card","id-card","New Icons in 4.7.0","2017-05-19 10:12:07","0000-00-00 00:00:00"
"19","fa fa-id-card-o","id-card-o","New Icons in 4.7.0","2017-05-19 10:12:07","0000-00-00 00:00:00"
"20","fa fa-imdb","imdb","New Icons in 4.7.0","2017-05-19 10:12:07","0000-00-00 00:00:00"
"21","fa fa-linode","linode","New Icons in 4.7.0","2017-05-19 10:12:07","0000-00-00 00:00:00"
"22","fa fa-meetup","meetup","New Icons in 4.7.0","2017-05-19 10:12:07","0000-00-00 00:00:00"
"23","fa fa-microchip","microchip","New Icons in 4.7.0","2017-05-19 10:12:07","0000-00-00 00:00:00"
"24","fa fa-podcast","podcast","New Icons in 4.7.0","2017-05-19 10:12:07","0000-00-00 00:00:00"
"25","fa fa-quora","quora","New Icons in 4.7.0","2017-05-19 10:12:07","0000-00-00 00:00:00"
"26","fa fa-ravelry","ravelry","New Icons in 4.7.0","2017-05-19 10:12:07","0000-00-00 00:00:00"
"27","fa fa-s15","s15 (alias)","New Icons in 4.7.0","2017-05-19 10:12:08","0000-00-00 00:00:00"
"28","fa fa-shower","shower","New Icons in 4.7.0","2017-05-19 10:12:08","0000-00-00 00:00:00"
"29","fa fa-snowflake-o","snowflake-o","New Icons in 4.7.0","2017-05-19 10:12:08","0000-00-00 00:00:00"
"30","fa fa-superpowers","superpowers","New Icons in 4.7.0","2017-05-19 10:12:08","0000-00-00 00:00:00"
"31","fa fa-telegram","telegram","New Icons in 4.7.0","2017-05-19 10:12:08","0000-00-00 00:00:00"
"32","fa fa-thermometer","thermometer (alias)","New Icons in 4.7.0","2017-05-19 10:12:08","0000-00-00 00:00:00"
"33","fa fa-thermometer-0","thermometer-0 (alias)","New Icons in 4.7.0","2017-05-19 10:12:08","0000-00-00 00:00:00"
"34","fa fa-thermometer-1","thermometer-1 (alias)","New Icons in 4.7.0","2017-05-19 10:12:08","0000-00-00 00:00:00"
"35","fa fa-thermometer-2","thermometer-2 (alias)","New Icons in 4.7.0","2017-05-19 10:12:08","0000-00-00 00:00:00"
"36","fa fa-thermometer-3","thermometer-3 (alias)","New Icons in 4.7.0","2017-05-19 10:12:08","0000-00-00 00:00:00"
"37","fa fa-thermometer-4","thermometer-4 (alias)","New Icons in 4.7.0","2017-05-19 10:12:08","0000-00-00 00:00:00"
"38","fa fa-thermometer-empty","thermometer-empty","New Icons in 4.7.0","2017-05-19 10:12:08","0000-00-00 00:00:00"
"39","fa fa-thermometer-full","thermometer-full","New Icons in 4.7.0","2017-05-19 10:12:08","0000-00-00 00:00:00"
"40","fa fa-thermometer-half","thermometer-half","New Icons in 4.7.0","2017-05-19 10:12:08","0000-00-00 00:00:00"
"41","fa fa-thermometer-quarter","thermometer-quarter","New Icons in 4.7.0","2017-05-19 10:12:08","0000-00-00 00:00:00"
"42","fa fa-thermometer-three-quarters","thermometer-three-quarters","New Icons in 4.7.0","2017-05-19 10:12:08","0000-00-00 00:00:00"
"43","fa fa-times-rectangle","times-rectangle (alias)","New Icons in 4.7.0","2017-05-19 10:12:08","0000-00-00 00:00:00"
"44","fa fa-times-rectangle-o","times-rectangle-o (alias)","New Icons in 4.7.0","2017-05-19 10:12:08","0000-00-00 00:00:00"
"45","fa fa-user-circle","user-circle","New Icons in 4.7.0","2017-05-19 10:12:08","0000-00-00 00:00:00"
"46","fa fa-user-circle-o","user-circle-o","New Icons in 4.7.0","2017-05-19 10:12:08","0000-00-00 00:00:00"
"47","fa fa-user-o","user-o","New Icons in 4.7.0","2017-05-19 10:12:08","0000-00-00 00:00:00"
"48","fa fa-vcard","vcard (alias)","New Icons in 4.7.0","2017-05-19 10:12:08","0000-00-00 00:00:00"
"49","fa fa-vcard-o","vcard-o (alias)","New Icons in 4.7.0","2017-05-19 10:12:08","0000-00-00 00:00:00"
"50","fa fa-window-close","window-close","New Icons in 4.7.0","2017-05-19 10:12:08","0000-00-00 00:00:00"
"51","fa fa-window-close-o","window-close-o","New Icons in 4.7.0","2017-05-19 10:12:08","0000-00-00 00:00:00"
"52","fa fa-window-maximize","window-maximize","New Icons in 4.7.0","2017-05-19 10:12:08","0000-00-00 00:00:00"
"53","fa fa-window-minimize","window-minimize","New Icons in 4.7.0","2017-05-19 10:12:08","0000-00-00 00:00:00"
"54","fa fa-window-restore","window-restore","New Icons in 4.7.0","2017-05-19 10:12:09","0000-00-00 00:00:00"
"55","fa fa-wpexplorer","wpexplorer","New Icons in 4.7.0","2017-05-19 10:12:09","0000-00-00 00:00:00"
"56","fa fa-angellist","fa-angellist","New Icons in 4.3.0","2017-05-19 10:12:09","0000-00-00 00:00:00"
"57","fa fa-area-chart","fa-area-chart","New Icons in 4.3.0","2017-05-19 10:12:09","0000-00-00 00:00:00"
"58","fa fa-at","fa-at","New Icons in 4.3.0","2017-05-19 10:12:09","0000-00-00 00:00:00"
"59","fa fa-bell-slash","fa-bell-slash","New Icons in 4.3.0","2017-05-19 10:12:09","0000-00-00 00:00:00"
"60","fa fa-bell-slash-o","fa-bell-slash-o","New Icons in 4.3.0","2017-05-19 10:12:09","0000-00-00 00:00:00"
"61","fa fa-bicycle","fa-bicycle","New Icons in 4.3.0","2017-05-19 10:12:09","0000-00-00 00:00:00"
"62","fa fa-binoculars","fa-binoculars","New Icons in 4.3.0","2017-05-19 10:12:09","0000-00-00 00:00:00"
"63","fa fa-birthday-cake","fa-birthday-cake","New Icons in 4.3.0","2017-05-19 10:12:09","0000-00-00 00:00:00"
"64","fa fa-bus","fa-bus","New Icons in 4.3.0","2017-05-19 10:12:09","0000-00-00 00:00:00"
"65","fa fa-calculator","fa-calculator","New Icons in 4.3.0","2017-05-19 10:12:09","0000-00-00 00:00:00"
"66","fa fa-cc","fa-cc","New Icons in 4.3.0","2017-05-19 10:12:09","0000-00-00 00:00:00"
"67","fa fa-cc-amex","fa-cc-amex","New Icons in 4.3.0","2017-05-19 10:12:09","0000-00-00 00:00:00"
"68","fa fa-cc-discover","fa-cc-discover","New Icons in 4.3.0","2017-05-19 10:12:09","0000-00-00 00:00:00"
"69","fa fa-cc-mastercard","fa-cc-mastercard","New Icons in 4.3.0","2017-05-19 10:12:09","0000-00-00 00:00:00"
"70","fa fa-cc-paypal","fa-cc-paypal","New Icons in 4.3.0","2017-05-19 10:12:09","0000-00-00 00:00:00"
"71","fa fa-cc-stripe","fa-cc-stripe","New Icons in 4.3.0","2017-05-19 10:12:09","0000-00-00 00:00:00"
"72","fa fa-cc-visa","fa-cc-visa","New Icons in 4.3.0","2017-05-19 10:12:09","0000-00-00 00:00:00"
"73","fa fa-copyright","fa-copyright","New Icons in 4.3.0","2017-05-19 10:12:09","0000-00-00 00:00:00"
"74","fa fa-eyedropper","fa-eyedropper","New Icons in 4.3.0","2017-05-19 10:12:09","0000-00-00 00:00:00"
"75","fa fa-futbol-o","fa-futbol-o","New Icons in 4.3.0","2017-05-19 10:12:09","0000-00-00 00:00:00"
"76","fa fa-google-wallet","fa-google-wallet","New Icons in 4.3.0","2017-05-19 10:12:09","0000-00-00 00:00:00"
"77","fa fa-ils","fa-ils","New Icons in 4.3.0","2017-05-19 10:12:09","0000-00-00 00:00:00"
"78","fa fa-ioxhost","fa-ioxhost","New Icons in 4.3.0","2017-05-19 10:12:09","0000-00-00 00:00:00"
"79","fa fa-lastfm","fa-lastfm","New Icons in 4.3.0","2017-05-19 10:12:09","0000-00-00 00:00:00"
"80","fa fa-lastfm-square","fa-lastfm-square","New Icons in 4.3.0","2017-05-19 10:12:09","0000-00-00 00:00:00"
"81","fa fa-line-chart","fa-line-chart","New Icons in 4.3.0","2017-05-19 10:12:09","0000-00-00 00:00:00"
"82","fa fa-meanpath","fa-meanpath","New Icons in 4.3.0","2017-05-19 10:12:09","0000-00-00 00:00:00"
"83","fa fa-newspaper-o","fa-newspaper-o","New Icons in 4.3.0","2017-05-19 10:12:10","0000-00-00 00:00:00"
"84","fa fa-paint-brush","fa-paint-brush","New Icons in 4.3.0","2017-05-19 10:12:10","0000-00-00 00:00:00"
"85","fa fa-paypal","fa-paypal","New Icons in 4.3.0","2017-05-19 10:12:10","0000-00-00 00:00:00"
"86","fa fa-pie-chart","fa-pie-chart","New Icons in 4.3.0","2017-05-19 10:12:10","0000-00-00 00:00:00"
"87","fa fa-plug","fa-plug","New Icons in 4.3.0","2017-05-19 10:12:10","0000-00-00 00:00:00"
"88","fa fa-shekel","fa-shekel (alias)","New Icons in 4.3.0","2017-05-19 10:12:10","0000-00-00 00:00:00"
"89","fa fa-sheqel","fa-sheqel (alias)","New Icons in 4.3.0","2017-05-19 10:12:10","0000-00-00 00:00:00"
"90","fa fa-slideshare","fa-slideshare","New Icons in 4.3.0","2017-05-19 10:12:10","0000-00-00 00:00:00"
"91","fa fa-soccer-ball-o","fa-soccer-ball-o (alias)","New Icons in 4.3.0","2017-05-19 10:12:10","0000-00-00 00:00:00"
"92","fa fa-toggle-off","fa-toggle-off","New Icons in 4.3.0","2017-05-19 10:12:10","0000-00-00 00:00:00"
"93","fa fa-toggle-on","fa-toggle-on","New Icons in 4.3.0","2017-05-19 10:12:10","0000-00-00 00:00:00"
"94","fa fa-trash","fa-trash","New Icons in 4.3.0","2017-05-19 10:12:10","0000-00-00 00:00:00"
"95","fa fa-tty","fa-tty","New Icons in 4.3.0","2017-05-19 10:12:10","0000-00-00 00:00:00"
"96","fa fa-twitch","fa-twitch","New Icons in 4.3.0","2017-05-19 10:12:10","0000-00-00 00:00:00"
"97","fa fa-wifi","fa-wifi","New Icons in 4.3.0","2017-05-19 10:12:10","0000-00-00 00:00:00"
"98","fa fa-yelp","fa-yelp","New Icons in 4.3.0","2017-05-19 10:12:10","0000-00-00 00:00:00"
"99","fa fa-rub","fa-rub","New Icons in 4.1.0","2017-05-19 10:12:10","0000-00-00 00:00:00"
"100","fa fa-ruble","fa-ruble (alias)","New Icons in 4.1.0","2017-05-19 10:12:10","0000-00-00 00:00:00"
"101","fa fa-rouble","fa-rouble (alias)","New Icons in 4.1.0","2017-05-19 10:12:10","0000-00-00 00:00:00"
"102","fa fa-pagelines","fa-pagelines","New Icons in 4.1.0","2017-05-19 10:12:10","0000-00-00 00:00:00"
"103","fa fa-stack-exchange","fa-stack-exchange","New Icons in 4.1.0","2017-05-19 10:12:10","0000-00-00 00:00:00"
"104","fa fa-arrow-circle-o-right","fa-arrow-circle-o-right","New Icons in 4.1.0","2017-05-19 10:12:10","0000-00-00 00:00:00"
"105","fa fa-arrow-circle-o-left","fa-arrow-circle-o-left","New Icons in 4.1.0","2017-05-19 10:12:10","0000-00-00 00:00:00"
"106","fa fa-caret-square-o-left","fa-caret-square-o-left","New Icons in 4.1.0","2017-05-19 10:12:10","0000-00-00 00:00:00"
"107","fa fa-toggle-left","fa-toggle-left (alias)","New Icons in 4.1.0","2017-05-19 10:12:10","0000-00-00 00:00:00"
"108","fa fa-dot-circle-o","fa-dot-circle-o","New Icons in 4.1.0","2017-05-19 10:12:10","0000-00-00 00:00:00"
"109","fa fa-wheelchair","fa-wheelchair","New Icons in 4.1.0","2017-05-19 10:12:10","0000-00-00 00:00:00"
"110","fa fa-vimeo-square","fa-vimeo-square","New Icons in 4.1.0","2017-05-19 10:12:10","0000-00-00 00:00:00"
"111","fa fa-try","fa-try","New Icons in 4.1.0","2017-05-19 10:12:11","0000-00-00 00:00:00"
"112","fa fa-turkish-lira","fa-turkish-lira (alias)","New Icons in 4.1.0","2017-05-19 10:12:11","0000-00-00 00:00:00"
"113","fa fa-plus-square-o","fa-plus-square-o","New Icons in 4.1.0","2017-05-19 10:12:11","0000-00-00 00:00:00"
"114","fa fa-automobile","fa-automobile (alias)","New Icons in 4.1.0","2017-05-19 10:12:11","0000-00-00 00:00:00"
"115","fa fa-bank","fa-bank (alias)","New Icons in 4.1.0","2017-05-19 10:12:11","0000-00-00 00:00:00"
"116","fa fa-behance","fa-behance","New Icons in 4.1.0","2017-05-19 10:12:11","0000-00-00 00:00:00"
"117","fa fa-behance-square","fa-behance-square","New Icons in 4.1.0","2017-05-19 10:12:11","0000-00-00 00:00:00"
"118","fa fa-bomb","fa-bomb","New Icons in 4.1.0","2017-05-19 10:12:11","0000-00-00 00:00:00"
"119","fa fa-building","fa-building","New Icons in 4.1.0","2017-05-19 10:12:11","0000-00-00 00:00:00"
"120","fa fa-cab","fa-cab (alias)","New Icons in 4.1.0","2017-05-19 10:12:11","0000-00-00 00:00:00"
"121","fa fa-car","fa-car","New Icons in 4.1.0","2017-05-19 10:12:11","0000-00-00 00:00:00"
"122","fa fa-child","fa-child","New Icons in 4.1.0","2017-05-19 10:12:11","0000-00-00 00:00:00"
"123","fa fa-circle-o-notch","fa-circle-o-notch","New Icons in 4.1.0","2017-05-19 10:12:11","0000-00-00 00:00:00"
"124","fa fa-circle-thin","fa-circle-thin","New Icons in 4.1.0","2017-05-19 10:12:11","0000-00-00 00:00:00"
"125","fa fa-codepen","fa-codepen","New Icons in 4.1.0","2017-05-19 10:12:11","0000-00-00 00:00:00"
"126","fa fa-cube","fa-cube","New Icons in 4.1.0","2017-05-19 10:12:11","0000-00-00 00:00:00"
"127","fa fa-cubes","fa-cubes","New Icons in 4.1.0","2017-05-19 10:12:11","0000-00-00 00:00:00"
"128","fa fa-database","fa-database","New Icons in 4.1.0","2017-05-19 10:12:11","0000-00-00 00:00:00"
"129","fa fa-delicious","fa-delicious","New Icons in 4.1.0","2017-05-19 10:12:11","0000-00-00 00:00:00"
"130","fa fa-deviantart","fa-deviantart","New Icons in 4.1.0","2017-05-19 10:12:11","0000-00-00 00:00:00"
"131","fa fa-digg","fa-digg","New Icons in 4.1.0","2017-05-19 10:12:11","0000-00-00 00:00:00"
"132","fa fa-drupal","fa-drupal","New Icons in 4.1.0","2017-05-19 10:12:11","0000-00-00 00:00:00"
"133","fa fa-empire","fa-empire","New Icons in 4.1.0","2017-05-19 10:12:11","0000-00-00 00:00:00"
"134","fa fa-envelope-square","fa-envelope-square","New Icons in 4.1.0","2017-05-19 10:12:11","0000-00-00 00:00:00"
"135","fa fa-fax","fa-fax","New Icons in 4.1.0","2017-05-19 10:12:11","0000-00-00 00:00:00"
"136","fa fa-file-archive-o","fa-file-archive-o","New Icons in 4.1.0","2017-05-19 10:12:11","0000-00-00 00:00:00"
"137","fa fa-file-audio-o","fa-file-audio-o","New Icons in 4.1.0","2017-05-19 10:12:11","0000-00-00 00:00:00"
"138","fa fa-file-code-o","fa-file-code-o","New Icons in 4.1.0","2017-05-19 10:12:12","0000-00-00 00:00:00"
"139","fa fa-file-excel-o","fa-file-excel-o","New Icons in 4.1.0","2017-05-19 10:12:12","0000-00-00 00:00:00"
"140","fa fa-file-image-o","fa-file-image-o","New Icons in 4.1.0","2017-05-19 10:12:12","0000-00-00 00:00:00"
"141","fa fa-file-movie-o","fa-file-movie-o (alias)","New Icons in 4.1.0","2017-05-19 10:12:12","0000-00-00 00:00:00"
"142","fa fa-file-pdf-o","fa-file-pdf-o","New Icons in 4.1.0","2017-05-19 10:12:12","0000-00-00 00:00:00"
"143","fa fa-file-photo-o","fa-file-photo-o (alias)","New Icons in 4.1.0","2017-05-19 10:12:12","0000-00-00 00:00:00"
"144","fa fa-file-picture-o","fa-file-picture-o (alias)","New Icons in 4.1.0","2017-05-19 10:12:12","0000-00-00 00:00:00"
"145","fa fa-file-powerpoint-o","fa-file-powerpoint-o","New Icons in 4.1.0","2017-05-19 10:12:12","0000-00-00 00:00:00"
"146","fa fa-file-sound-o","fa-file-sound-o (alias)","New Icons in 4.1.0","2017-05-19 10:12:12","0000-00-00 00:00:00"
"147","fa fa-file-video-o","fa-file-video-o","New Icons in 4.1.0","2017-05-19 10:12:12","0000-00-00 00:00:00"
"148","fa fa-file-word-o","fa-file-word-o","New Icons in 4.1.0","2017-05-19 10:12:12","0000-00-00 00:00:00"
"149","fa fa-file-zip-o","fa-file-zip-o (alias)","New Icons in 4.1.0","2017-05-19 10:12:12","0000-00-00 00:00:00"
"150","fa fa-ge","fa-ge (alias)","New Icons in 4.1.0","2017-05-19 10:12:12","0000-00-00 00:00:00"
"151","fa fa-git","fa-git","New Icons in 4.1.0","2017-05-19 10:12:12","0000-00-00 00:00:00"
"152","fa fa-git-square","fa-git-square","New Icons in 4.1.0","2017-05-19 10:12:12","0000-00-00 00:00:00"
"153","fa fa-google","fa-google","New Icons in 4.1.0","2017-05-19 10:12:12","0000-00-00 00:00:00"
"154","fa fa-graduation-cap","fa-graduation-cap","New Icons in 4.1.0","2017-05-19 10:12:12","0000-00-00 00:00:00"
"155","fa fa-hacker-news","fa-hacker-news","New Icons in 4.1.0","2017-05-19 10:12:12","0000-00-00 00:00:00"
"156","fa fa-header","fa-header","New Icons in 4.1.0","2017-05-19 10:12:12","0000-00-00 00:00:00"
"157","fa fa-history","fa-history","New Icons in 4.1.0","2017-05-19 10:12:12","0000-00-00 00:00:00"
"158","fa fa-institution","fa-institution (alias)","New Icons in 4.1.0","2017-05-19 10:12:12","0000-00-00 00:00:00"
"159","fa fa-joomla","fa-joomla","New Icons in 4.1.0","2017-05-19 10:12:12","0000-00-00 00:00:00"
"160","fa fa-jsfiddle","fa-jsfiddle","New Icons in 4.1.0","2017-05-19 10:12:12","0000-00-00 00:00:00"
"161","fa fa-language","fa-language","New Icons in 4.1.0","2017-05-19 10:12:12","0000-00-00 00:00:00"
"162","fa fa-life-bouy","fa-life-bouy (alias)","New Icons in 4.1.0","2017-05-19 10:12:12","0000-00-00 00:00:00"
"163","fa fa-life-ring","fa-life-ring","New Icons in 4.1.0","2017-05-19 10:12:12","0000-00-00 00:00:00"
"164","fa fa-life-saver","fa-life-saver (alias)","New Icons in 4.1.0","2017-05-19 10:12:12","0000-00-00 00:00:00"
"165","fa fa-mortar-board","fa-mortar-board (alias)","New Icons in 4.1.0","2017-05-19 10:12:12","0000-00-00 00:00:00"
"166","fa fa-openid","fa-openid","New Icons in 4.1.0","2017-05-19 10:12:13","0000-00-00 00:00:00"
"167","fa fa-paper-plane","fa-paper-plane","New Icons in 4.1.0","2017-05-19 10:12:13","0000-00-00 00:00:00"
"168","fa fa-paper-plane-o","fa-paper-plane-o","New Icons in 4.1.0","2017-05-19 10:12:13","0000-00-00 00:00:00"
"169","fa fa-paragraph","fa-paragraph","New Icons in 4.1.0","2017-05-19 10:12:13","0000-00-00 00:00:00"
"170","fa fa-paw","fa-paw","New Icons in 4.1.0","2017-05-19 10:12:13","0000-00-00 00:00:00"
"171","fa fa-pied-piper","fa-pied-piper","New Icons in 4.1.0","2017-05-19 10:12:13","0000-00-00 00:00:00"
"172","fa fa-pied-piper-alt","fa-pied-piper-alt","New Icons in 4.1.0","2017-05-19 10:12:13","0000-00-00 00:00:00"
"173","fa fa-pied-piper-square","fa-pied-piper-square (alias)","New Icons in 4.1.0","2017-05-19 10:12:13","0000-00-00 00:00:00"
"174","fa fa-qq","fa-qq","New Icons in 4.1.0","2017-05-19 10:12:13","0000-00-00 00:00:00"
"175","fa fa-ra","fa-ra (alias)","New Icons in 4.1.0","2017-05-19 10:12:13","0000-00-00 00:00:00"
"176","fa fa-rebel","fa-rebel","New Icons in 4.1.0","2017-05-19 10:12:13","0000-00-00 00:00:00"
"177","fa fa-recycle","fa-recycle","New Icons in 4.1.0","2017-05-19 10:12:13","0000-00-00 00:00:00"
"178","fa fa-reddit","fa-reddit","New Icons in 4.1.0","2017-05-19 10:12:13","0000-00-00 00:00:00"
"179","fa fa-reddit-square","fa-reddit-square","New Icons in 4.1.0","2017-05-19 10:12:13","0000-00-00 00:00:00"
"180","fa fa-send","fa-send (alias)","New Icons in 4.1.0","2017-05-19 10:12:13","0000-00-00 00:00:00"
"181","fa fa-send-o","fa-send-o (alias)","New Icons in 4.1.0","2017-05-19 10:12:13","0000-00-00 00:00:00"
"182","fa fa-share-alt","fa-share-alt","New Icons in 4.1.0","2017-05-19 10:12:13","0000-00-00 00:00:00"
"183","fa fa-share-alt-square","fa-share-alt-square","New Icons in 4.1.0","2017-05-19 10:12:13","0000-00-00 00:00:00"
"184","fa fa-slack","fa-slack","New Icons in 4.1.0","2017-05-19 10:12:13","0000-00-00 00:00:00"
"185","fa fa-sliders","fa-sliders","New Icons in 4.1.0","2017-05-19 10:12:13","0000-00-00 00:00:00"
"186","fa fa-soundcloud","fa-soundcloud","New Icons in 4.1.0","2017-05-19 10:12:13","0000-00-00 00:00:00"
"187","fa fa-space-shuttle","fa-space-shuttle","New Icons in 4.1.0","2017-05-19 10:12:13","0000-00-00 00:00:00"
"188","fa fa-spoon","fa-spoon","New Icons in 4.1.0","2017-05-19 10:12:13","0000-00-00 00:00:00"
"189","fa fa-spotify","fa-spotify","New Icons in 4.1.0","2017-05-19 10:12:13","0000-00-00 00:00:00"
"190","fa fa-steam","fa-steam","New Icons in 4.1.0","2017-05-19 10:12:13","0000-00-00 00:00:00"
"191","fa fa-steam-square","fa-steam-square","New Icons in 4.1.0","2017-05-19 10:12:13","0000-00-00 00:00:00"
"192","fa fa-stumbleupon","fa-stumbleupon","New Icons in 4.1.0","2017-05-19 10:12:13","0000-00-00 00:00:00"
"193","fa fa-stumbleupon-circle","fa-stumbleupon-circle","New Icons in 4.1.0","2017-05-19 10:12:14","0000-00-00 00:00:00"
"194","fa fa-support","fa-support (alias)","New Icons in 4.1.0","2017-05-19 10:12:14","0000-00-00 00:00:00"
"195","fa fa-taxi","fa-taxi","New Icons in 4.1.0","2017-05-19 10:12:14","0000-00-00 00:00:00"
"196","fa fa-tencent-weibo","fa-tencent-weibo","New Icons in 4.1.0","2017-05-19 10:12:14","0000-00-00 00:00:00"
"197","fa fa-tree","fa-tree","New Icons in 4.1.0","2017-05-19 10:12:14","0000-00-00 00:00:00"
"198","fa fa-university","fa-university","New Icons in 4.1.0","2017-05-19 10:12:14","0000-00-00 00:00:00"
"199","fa fa-vine","fa-vine","New Icons in 4.1.0","2017-05-19 10:12:14","0000-00-00 00:00:00"
"200","fa fa-wechat","fa-wechat (alias)","New Icons in 4.1.0","2017-05-19 10:12:14","0000-00-00 00:00:00"
"201","fa fa-weixin","fa-weixin","New Icons in 4.1.0","2017-05-19 10:12:14","0000-00-00 00:00:00"
"202","fa fa-wordpress","fa-wordpress","New Icons in 4.1.0","2017-05-19 10:12:14","0000-00-00 00:00:00"
"203","fa fa-yahoo","fa-yahoo","New Icons in 4.1.0","2017-05-19 10:12:14","0000-00-00 00:00:00"
"204","fa fa-adjust","fa-adjust","Web Application Icons","2017-05-19 10:12:14","0000-00-00 00:00:00"
"205","fa fa-anchor","fa-anchor","Web Application Icons","2017-05-19 10:12:14","0000-00-00 00:00:00"
"206","fa fa-archive","fa-archive","Web Application Icons","2017-05-19 10:12:14","0000-00-00 00:00:00"
"207","fa fa-arrows","fa-arrows","Web Application Icons","2017-05-19 10:12:14","0000-00-00 00:00:00"
"208","fa fa-arrows-h","fa-arrows-h","Web Application Icons","2017-05-19 10:12:14","0000-00-00 00:00:00"
"209","fa fa-arrows-v","fa-arrows-v","Web Application Icons","2017-05-19 10:12:14","0000-00-00 00:00:00"
"210","fa fa-asterisk","fa-asterisk","Web Application Icons","2017-05-19 10:12:14","0000-00-00 00:00:00"
"211","fa fa-ban","fa-ban","Web Application Icons","2017-05-19 10:12:14","0000-00-00 00:00:00"
"212","fa fa-bar-chart-o","fa-bar-chart-o","Web Application Icons","2017-05-19 10:12:14","0000-00-00 00:00:00"
"213","fa fa-barcode","fa-barcode","Web Application Icons","2017-05-19 10:12:14","0000-00-00 00:00:00"
"214","fa fa-bars","fa-bars","Web Application Icons","2017-05-19 10:12:14","0000-00-00 00:00:00"
"215","fa fa-beer","fa-beer","Web Application Icons","2017-05-19 10:12:14","0000-00-00 00:00:00"
"216","fa fa-bell","fa-bell","Web Application Icons","2017-05-19 10:12:14","0000-00-00 00:00:00"
"217","fa fa-bell-o","fa-bell-o","Web Application Icons","2017-05-19 10:12:14","0000-00-00 00:00:00"
"218","fa fa-bolt","fa-bolt","Web Application Icons","2017-05-19 10:12:14","0000-00-00 00:00:00"
"219","fa fa-book","fa-book","Web Application Icons","2017-05-19 10:12:14","0000-00-00 00:00:00"
"220","fa fa-bookmark","fa-bookmark","Web Application Icons","2017-05-19 10:12:14","0000-00-00 00:00:00"
"221","fa fa-bookmark-o","fa-bookmark-o","Web Application Icons","2017-05-19 10:12:15","0000-00-00 00:00:00"
"222","fa fa-briefcase","fa-briefcase","Web Application Icons","2017-05-19 10:12:15","0000-00-00 00:00:00"
"223","fa fa-bug","fa-bug","Web Application Icons","2017-05-19 10:12:15","0000-00-00 00:00:00"
"224","fa fa-building-o","fa-building-o","Web Application Icons","2017-05-19 10:12:15","0000-00-00 00:00:00"
"225","fa fa-bullhorn","fa-bullhorn","Web Application Icons","2017-05-19 10:12:15","0000-00-00 00:00:00"
"226","fa fa-bullseye","fa-bullseye","Web Application Icons","2017-05-19 10:12:15","0000-00-00 00:00:00"
"227","fa fa-calendar","fa-calendar","Web Application Icons","2017-05-19 10:12:15","0000-00-00 00:00:00"
"228","fa fa-calendar-o","fa-calendar-o","Web Application Icons","2017-05-19 10:12:15","0000-00-00 00:00:00"
"229","fa fa-camera","fa-camera","Web Application Icons","2017-05-19 10:12:15","0000-00-00 00:00:00"
"230","fa fa-camera-retro","fa-camera-retro","Web Application Icons","2017-05-19 10:12:15","0000-00-00 00:00:00"
"231","fa fa-caret-square-o-down","fa-caret-square-o-down","Web Application Icons","2017-05-19 10:12:15","0000-00-00 00:00:00"
"232","fa fa-caret-square-o-right","fa-caret-square-o-right","Web Application Icons","2017-05-19 10:12:15","0000-00-00 00:00:00"
"233","fa fa-caret-square-o-up","fa-caret-square-o-up","Web Application Icons","2017-05-19 10:12:15","0000-00-00 00:00:00"
"234","fa fa-certificate","fa-certificate","Web Application Icons","2017-05-19 10:12:15","0000-00-00 00:00:00"
"235","fa fa-check","fa-check","Web Application Icons","2017-05-19 10:12:15","0000-00-00 00:00:00"
"236","fa fa-check-circle","fa-check-circle","Web Application Icons","2017-05-19 10:12:15","0000-00-00 00:00:00"
"237","fa fa-check-circle-o","fa-check-circle-o","Web Application Icons","2017-05-19 10:12:15","0000-00-00 00:00:00"
"238","fa fa-check-square","fa-check-square","Web Application Icons","2017-05-19 10:12:15","0000-00-00 00:00:00"
"239","fa fa-check-square-o","fa-check-square-o","Web Application Icons","2017-05-19 10:12:15","0000-00-00 00:00:00"
"240","fa fa-circle","fa-circle","Web Application Icons","2017-05-19 10:12:15","0000-00-00 00:00:00"
"241","fa fa-circle-o","fa-circle-o","Web Application Icons","2017-05-19 10:12:15","0000-00-00 00:00:00"
"242","fa fa-clock-o","fa-clock-o","Web Application Icons","2017-05-19 10:12:15","0000-00-00 00:00:00"
"243","fa fa-cloud","fa-cloud","Web Application Icons","2017-05-19 10:12:15","0000-00-00 00:00:00"
"244","fa fa-cloud-download","fa-cloud-download","Web Application Icons","2017-05-19 10:12:15","0000-00-00 00:00:00"
"245","fa fa-cloud-upload","fa-cloud-upload","Web Application Icons","2017-05-19 10:12:15","0000-00-00 00:00:00"
"246","fa fa-code","fa-code","Web Application Icons","2017-05-19 10:12:15","0000-00-00 00:00:00"
"247","fa fa-code-fork","fa-code-fork","Web Application Icons","2017-05-19 10:12:15","0000-00-00 00:00:00"
"248","fa fa-coffee","fa-coffee","Web Application Icons","2017-05-19 10:12:15","0000-00-00 00:00:00"
"249","fa fa-cog","fa-cog","Web Application Icons","2017-05-19 10:12:16","0000-00-00 00:00:00"
"250","fa fa-cogs","fa-cogs","Web Application Icons","2017-05-19 10:12:16","0000-00-00 00:00:00"
"251","fa fa-comment","fa-comment","Web Application Icons","2017-05-19 10:12:16","0000-00-00 00:00:00"
"252","fa fa-comment-o","fa-comment-o","Web Application Icons","2017-05-19 10:12:16","0000-00-00 00:00:00"
"253","fa fa-comments","fa-comments","Web Application Icons","2017-05-19 10:12:16","0000-00-00 00:00:00"
"254","fa fa-comments-o","fa-comments-o","Web Application Icons","2017-05-19 10:12:16","0000-00-00 00:00:00"
"255","fa fa-compass","fa-compass","Web Application Icons","2017-05-19 10:12:16","0000-00-00 00:00:00"
"256","fa fa-credit-card","fa-credit-card","Web Application Icons","2017-05-19 10:12:16","0000-00-00 00:00:00"
"257","fa fa-crop","fa-crop","Web Application Icons","2017-05-19 10:12:16","0000-00-00 00:00:00"
"258","fa fa-crosshairs","fa-crosshairs","Web Application Icons","2017-05-19 10:12:16","0000-00-00 00:00:00"
"259","fa fa-cutlery","fa-cutlery","Web Application Icons","2017-05-19 10:12:16","0000-00-00 00:00:00"
"260","fa fa-dashboard","fa-dashboard (alias)","Web Application Icons","2017-05-19 10:12:16","0000-00-00 00:00:00"
"261","fa fa-desktop","fa-desktop","Web Application Icons","2017-05-19 10:12:16","0000-00-00 00:00:00"
"262","fa fa-download","fa-download","Web Application Icons","2017-05-19 10:12:16","0000-00-00 00:00:00"
"263","fa fa-edit","fa-edit (alias)","Web Application Icons","2017-05-19 10:12:16","0000-00-00 00:00:00"
"264","fa fa-ellipsis-h","fa-ellipsis-h","Web Application Icons","2017-05-19 10:12:16","0000-00-00 00:00:00"
"265","fa fa-ellipsis-v","fa-ellipsis-v","Web Application Icons","2017-05-19 10:12:16","0000-00-00 00:00:00"
"266","fa fa-envelope","fa-envelope","Web Application Icons","2017-05-19 10:12:16","0000-00-00 00:00:00"
"267","fa fa-envelope-o","fa-envelope-o","Web Application Icons","2017-05-19 10:12:16","0000-00-00 00:00:00"
"268","fa fa-eraser","fa-eraser","Web Application Icons","2017-05-19 10:12:16","0000-00-00 00:00:00"
"269","fa fa-exchange","fa-exchange","Web Application Icons","2017-05-19 10:12:16","0000-00-00 00:00:00"
"270","fa fa-exclamation","fa-exclamation","Web Application Icons","2017-05-19 10:12:16","0000-00-00 00:00:00"
"271","fa fa-exclamation-circle","fa-exclamation-circle","Web Application Icons","2017-05-19 10:12:16","0000-00-00 00:00:00"
"272","fa fa-exclamation-triangle","fa-exclamation-triangle","Web Application Icons","2017-05-19 10:12:16","0000-00-00 00:00:00"
"273","fa fa-external-link","fa-external-link","Web Application Icons","2017-05-19 10:12:16","0000-00-00 00:00:00"
"274","fa fa-external-link-square","fa-external-link-square","Web Application Icons","2017-05-19 10:12:16","0000-00-00 00:00:00"
"275","fa fa-eye","fa-eye","Web Application Icons","2017-05-19 10:12:16","0000-00-00 00:00:00"
"276","fa fa-eye-slash","fa-eye-slash","Web Application Icons","2017-05-19 10:12:16","0000-00-00 00:00:00"
"277","fa fa-female","fa-female","Web Application Icons","2017-05-19 10:12:16","0000-00-00 00:00:00"
"278","fa fa-fighter-jet","fa-fighter-jet","Web Application Icons","2017-05-19 10:12:17","0000-00-00 00:00:00"
"279","fa fa-film","fa-film","Web Application Icons","2017-05-19 10:12:17","0000-00-00 00:00:00"
"280","fa fa-filter","fa-filter","Web Application Icons","2017-05-19 10:12:17","0000-00-00 00:00:00"
"281","fa fa-fire","fa-fire","Web Application Icons","2017-05-19 10:12:17","0000-00-00 00:00:00"
"282","fa fa-fire-extinguisher","fa-fire-extinguisher","Web Application Icons","2017-05-19 10:12:17","0000-00-00 00:00:00"
"283","fa fa-flag","fa-flag","Web Application Icons","2017-05-19 10:12:17","0000-00-00 00:00:00"
"284","fa fa-flag-checkered","fa-flag-checkered","Web Application Icons","2017-05-19 10:12:17","0000-00-00 00:00:00"
"285","fa fa-flag-o","fa-flag-o","Web Application Icons","2017-05-19 10:12:17","0000-00-00 00:00:00"
"286","fa fa-flash","fa-flash (alias)","Web Application Icons","2017-05-19 10:12:17","0000-00-00 00:00:00"
"287","fa fa-flask","fa-flask","Web Application Icons","2017-05-19 10:12:17","0000-00-00 00:00:00"
"288","fa fa-folder","fa-folder","Web Application Icons","2017-05-19 10:12:17","0000-00-00 00:00:00"
"289","fa fa-folder-o","fa-folder-o","Web Application Icons","2017-05-19 10:12:17","0000-00-00 00:00:00"
"290","fa fa-folder-open","fa-folder-open","Web Application Icons","2017-05-19 10:12:17","0000-00-00 00:00:00"
"291","fa fa-folder-open-o","fa-folder-open-o","Web Application Icons","2017-05-19 10:12:17","0000-00-00 00:00:00"
"292","fa fa-frown-o","fa-frown-o","Web Application Icons","2017-05-19 10:12:17","0000-00-00 00:00:00"
"293","fa fa-gamepad","fa-gamepad","Web Application Icons","2017-05-19 10:12:17","0000-00-00 00:00:00"
"294","fa fa-gavel","fa-gavel","Web Application Icons","2017-05-19 10:12:17","0000-00-00 00:00:00"
"295","fa fa-gear","fa-gear (alias)","Web Application Icons","2017-05-19 10:12:18","0000-00-00 00:00:00"
"296","fa fa-gears","fa-gears (alias)","Web Application Icons","2017-05-19 10:12:18","0000-00-00 00:00:00"
"297","fa fa-gift","fa-gift","Web Application Icons","2017-05-19 10:12:18","0000-00-00 00:00:00"
"298","fa fa-glass","fa-glass","Web Application Icons","2017-05-19 10:12:18","0000-00-00 00:00:00"
"299","fa fa-globe","fa-globe","Web Application Icons","2017-05-19 10:12:18","0000-00-00 00:00:00"
"300","fa fa-group","fa-group (alias)","Web Application Icons","2017-05-19 10:12:18","0000-00-00 00:00:00"
"301","fa fa-hdd-o","fa-hdd-o","Web Application Icons","2017-05-19 10:12:18","0000-00-00 00:00:00"
"302","fa fa-headphones","fa-headphones","Web Application Icons","2017-05-19 10:12:18","0000-00-00 00:00:00"
"303","fa fa-heart","fa-heart","Web Application Icons","2017-05-19 10:12:18","0000-00-00 00:00:00"
"304","fa fa-heart-o","fa-heart-o","Web Application Icons","2017-05-19 10:12:18","0000-00-00 00:00:00"
"305","fa fa-home","fa-home","Web Application Icons","2017-05-19 10:12:18","0000-00-00 00:00:00"
"306","fa fa-inbox","fa-inbox","Web Application Icons","2017-05-19 10:12:18","0000-00-00 00:00:00"
"307","fa fa-info","fa-info","Web Application Icons","2017-05-19 10:12:18","0000-00-00 00:00:00"
"308","fa fa-info-circle","fa-info-circle","Web Application Icons","2017-05-19 10:12:18","0000-00-00 00:00:00"
"309","fa fa-key","fa-key","Web Application Icons","2017-05-19 10:12:18","0000-00-00 00:00:00"
"310","fa fa-keyboard-o","fa-keyboard-o","Web Application Icons","2017-05-19 10:12:18","0000-00-00 00:00:00"
"311","fa fa-laptop","fa-laptop","Web Application Icons","2017-05-19 10:12:18","0000-00-00 00:00:00"
"312","fa fa-leaf","fa-leaf","Web Application Icons","2017-05-19 10:12:18","0000-00-00 00:00:00"
"313","fa fa-legal","fa-legal (alias)","Web Application Icons","2017-05-19 10:12:18","0000-00-00 00:00:00"
"314","fa fa-lemon-o","fa-lemon-o","Web Application Icons","2017-05-19 10:12:18","0000-00-00 00:00:00"
"315","fa fa-level-down","fa-level-down","Web Application Icons","2017-05-19 10:12:18","0000-00-00 00:00:00"
"316","fa fa-level-up","fa-level-up","Web Application Icons","2017-05-19 10:12:18","0000-00-00 00:00:00"
"317","fa fa-lightbulb-o","fa-lightbulb-o","Web Application Icons","2017-05-19 10:12:18","0000-00-00 00:00:00"
"318","fa fa-location-arrow","fa-location-arrow","Web Application Icons","2017-05-19 10:12:18","0000-00-00 00:00:00"
"319","fa fa-lock","fa-lock","Web Application Icons","2017-05-19 10:12:18","0000-00-00 00:00:00"
"320","fa fa-magic","fa-magic","Web Application Icons","2017-05-19 10:12:18","0000-00-00 00:00:00"
"321","fa fa-magnet","fa-magnet","Web Application Icons","2017-05-19 10:12:18","0000-00-00 00:00:00"
"322","fa fa-mail-forward","fa-mail-forward (alias)","Web Application Icons","2017-05-19 10:12:19","0000-00-00 00:00:00"
"323","fa fa-mail-reply","fa-mail-reply (alias)","Web Application Icons","2017-05-19 10:12:19","0000-00-00 00:00:00"
"324","fa fa-mail-reply-all","fa-mail-reply-all","Web Application Icons","2017-05-19 10:12:19","0000-00-00 00:00:00"
"325","fa fa-male","fa-male","Web Application Icons","2017-05-19 10:12:19","0000-00-00 00:00:00"
"326","fa fa-map-marker","fa-map-marker","Web Application Icons","2017-05-19 10:12:19","0000-00-00 00:00:00"
"327","fa fa-meh-o","fa-meh-o","Web Application Icons","2017-05-19 10:12:19","0000-00-00 00:00:00"
"328","fa fa-microphone","fa-microphone","Web Application Icons","2017-05-19 10:12:19","0000-00-00 00:00:00"
"329","fa fa-microphone-slash","fa-microphone-slash","Web Application Icons","2017-05-19 10:12:19","0000-00-00 00:00:00"
"330","fa fa-minus","fa-minus","Web Application Icons","2017-05-19 10:12:19","0000-00-00 00:00:00"
"331","fa fa-minus-circle","fa-minus-circle","Web Application Icons","2017-05-19 10:12:19","0000-00-00 00:00:00"
"332","fa fa-minus-square","fa-minus-square","Web Application Icons","2017-05-19 10:12:19","0000-00-00 00:00:00"
"333","fa fa-minus-square-o","fa-minus-square-o","Web Application Icons","2017-05-19 10:12:19","0000-00-00 00:00:00"
"334","fa fa-mobile","fa-mobile","Web Application Icons","2017-05-19 10:12:19","0000-00-00 00:00:00"
"335","fa fa-mobile-phone","fa-mobile-phone (alias)","Web Application Icons","2017-05-19 10:12:19","0000-00-00 00:00:00"
"336","fa fa-money","fa-money","Web Application Icons","2017-05-19 10:12:19","0000-00-00 00:00:00"
"337","fa fa-moon-o","fa-moon-o","Web Application Icons","2017-05-19 10:12:19","0000-00-00 00:00:00"
"338","fa fa-music","fa-music","Web Application Icons","2017-05-19 10:12:19","0000-00-00 00:00:00"
"339","fa fa-pencil","fa-pencil","Web Application Icons","2017-05-19 10:12:19","0000-00-00 00:00:00"
"340","fa fa-pencil-square","fa-pencil-square","Web Application Icons","2017-05-19 10:12:19","0000-00-00 00:00:00"
"341","fa fa-pencil-square-o","fa-pencil-square-o","Web Application Icons","2017-05-19 10:12:19","0000-00-00 00:00:00"
"342","fa fa-phone","fa-phone","Web Application Icons","2017-05-19 10:12:19","0000-00-00 00:00:00"
"343","fa fa-phone-square","fa-phone-square","Web Application Icons","2017-05-19 10:12:19","0000-00-00 00:00:00"
"344","fa fa-picture-o","fa-picture-o","Web Application Icons","2017-05-19 10:12:19","0000-00-00 00:00:00"
"345","fa fa-plane","fa-plane","Web Application Icons","2017-05-19 10:12:19","0000-00-00 00:00:00"
"346","fa fa-plus","fa-plus","Web Application Icons","2017-05-19 10:12:19","0000-00-00 00:00:00"
"347","fa fa-plus-circle","fa-plus-circle","Web Application Icons","2017-05-19 10:12:19","0000-00-00 00:00:00"
"348","fa fa-plus-square","fa-plus-square","Web Application Icons","2017-05-19 10:12:19","0000-00-00 00:00:00"
"349","fa fa-power-off","fa-power-off","Web Application Icons","2017-05-19 10:12:19","0000-00-00 00:00:00"
"350","fa fa-print","fa-print","Web Application Icons","2017-05-19 10:12:19","0000-00-00 00:00:00"
"351","fa fa-puzzle-piece","fa-puzzle-piece","Web Application Icons","2017-05-19 10:12:20","0000-00-00 00:00:00"
"352","fa fa-qrcode","fa-qrcode","Web Application Icons","2017-05-19 10:12:20","0000-00-00 00:00:00"
"353","fa fa-question","fa-question","Web Application Icons","2017-05-19 10:12:20","0000-00-00 00:00:00"
"354","fa fa-question-circle","fa-question-circle","Web Application Icons","2017-05-19 10:12:20","0000-00-00 00:00:00"
"355","fa fa-quote-left","fa-quote-left","Web Application Icons","2017-05-19 10:12:20","0000-00-00 00:00:00"
"356","fa fa-quote-right","fa-quote-right","Web Application Icons","2017-05-19 10:12:20","0000-00-00 00:00:00"
"357","fa fa-random","fa-random","Web Application Icons","2017-05-19 10:12:20","0000-00-00 00:00:00"
"358","fa fa-refresh","fa-refresh","Web Application Icons","2017-05-19 10:12:20","0000-00-00 00:00:00"
"359","fa fa-reply","fa-reply","Web Application Icons","2017-05-19 10:12:20","0000-00-00 00:00:00"
"360","fa fa-reply-all","fa-reply-all","Web Application Icons","2017-05-19 10:12:20","0000-00-00 00:00:00"
"361","fa fa-retweet","fa-retweet","Web Application Icons","2017-05-19 10:12:20","0000-00-00 00:00:00"
"362","fa fa-road","fa-road","Web Application Icons","2017-05-19 10:12:20","0000-00-00 00:00:00"
"363","fa fa-rocket","fa-rocket","Web Application Icons","2017-05-19 10:12:20","0000-00-00 00:00:00"
"364","fa fa-rss","fa-rss","Web Application Icons","2017-05-19 10:12:20","0000-00-00 00:00:00"
"365","fa fa-rss-square","fa-rss-square","Web Application Icons","2017-05-19 10:12:20","0000-00-00 00:00:00"
"366","fa fa-search","fa-search","Web Application Icons","2017-05-19 10:12:20","0000-00-00 00:00:00"
"367","fa fa-search-minus","fa-search-minus","Web Application Icons","2017-05-19 10:12:20","0000-00-00 00:00:00"
"368","fa fa-search-plus","fa-search-plus","Web Application Icons","2017-05-19 10:12:20","0000-00-00 00:00:00"
"369","fa fa-share","fa-share","Web Application Icons","2017-05-19 10:12:20","0000-00-00 00:00:00"
"370","fa fa-share-square","fa-share-square","Web Application Icons","2017-05-19 10:12:20","0000-00-00 00:00:00"
"371","fa fa-share-square-o","fa-share-square-o","Web Application Icons","2017-05-19 10:12:20","0000-00-00 00:00:00"
"372","fa fa-shield","fa-shield","Web Application Icons","2017-05-19 10:12:20","0000-00-00 00:00:00"
"373","fa fa-shopping-cart","fa-shopping-cart","Web Application Icons","2017-05-19 10:12:20","0000-00-00 00:00:00"
"374","fa fa-sign-in","fa-sign-in","Web Application Icons","2017-05-19 10:12:20","0000-00-00 00:00:00"
"375","fa fa-sign-out","fa-sign-out","Web Application Icons","2017-05-19 10:12:20","0000-00-00 00:00:00"
"376","fa fa-signal","fa-signal","Web Application Icons","2017-05-19 10:12:20","0000-00-00 00:00:00"
"377","fa fa-sitemap","fa-sitemap","Web Application Icons","2017-05-19 10:12:20","0000-00-00 00:00:00"
"378","fa fa-smile-o","fa-smile-o","Web Application Icons","2017-05-19 10:12:20","0000-00-00 00:00:00"
"379","fa fa-sort","fa-sort","Web Application Icons","2017-05-19 10:12:21","0000-00-00 00:00:00"
"380","fa fa-sort-alpha-asc","fa-sort-alpha-asc","Web Application Icons","2017-05-19 10:12:21","0000-00-00 00:00:00"
"381","fa fa-sort-alpha-desc","fa-sort-alpha-desc","Web Application Icons","2017-05-19 10:12:21","0000-00-00 00:00:00"
"382","fa fa-sort-amount-asc","fa-sort-amount-asc","Web Application Icons","2017-05-19 10:12:21","0000-00-00 00:00:00"
"383","fa fa-sort-amount-desc","fa-sort-amount-desc","Web Application Icons","2017-05-19 10:12:21","0000-00-00 00:00:00"
"384","fa fa-sort-asc","fa-sort-asc","Web Application Icons","2017-05-19 10:12:21","0000-00-00 00:00:00"
"385","fa fa-sort-desc","fa-sort-desc","Web Application Icons","2017-05-19 10:12:21","0000-00-00 00:00:00"
"386","fa fa-sort-down","fa-sort-down (alias)","Web Application Icons","2017-05-19 10:12:21","0000-00-00 00:00:00"
"387","fa fa-sort-numeric-asc","fa-sort-numeric-asc","Web Application Icons","2017-05-19 10:12:21","0000-00-00 00:00:00"
"388","fa fa-sort-numeric-desc","fa-sort-numeric-desc","Web Application Icons","2017-05-19 10:12:21","0000-00-00 00:00:00"
"389","fa fa-sort-up","fa-sort-up (alias)","Web Application Icons","2017-05-19 10:12:21","0000-00-00 00:00:00"
"390","fa fa-spinner","fa-spinner","Web Application Icons","2017-05-19 10:12:21","0000-00-00 00:00:00"
"391","fa fa-square","fa-square","Web Application Icons","2017-05-19 10:12:21","0000-00-00 00:00:00"
"392","fa fa-square-o","fa-square-o","Web Application Icons","2017-05-19 10:12:21","0000-00-00 00:00:00"
"393","fa fa-star","fa-star","Web Application Icons","2017-05-19 10:12:21","0000-00-00 00:00:00"
"394","fa fa-star-half","fa-star-half","Web Application Icons","2017-05-19 10:12:21","0000-00-00 00:00:00"
"395","fa fa-star-half-empty","fa-star-half-empty (alias)","Web Application Icons","2017-05-19 10:12:21","0000-00-00 00:00:00"
"396","fa fa-star-half-full","fa-star-half-full (alias)","Web Application Icons","2017-05-19 10:12:21","0000-00-00 00:00:00"
"397","fa fa-star-half-o","fa-star-half-o","Web Application Icons","2017-05-19 10:12:21","0000-00-00 00:00:00"
"398","fa fa-star-o","fa-star-o","Web Application Icons","2017-05-19 10:12:21","0000-00-00 00:00:00"
"399","fa fa-subscript","fa-subscript","Web Application Icons","2017-05-19 10:12:21","0000-00-00 00:00:00"
"400","fa fa-suitcase","fa-suitcase","Web Application Icons","2017-05-19 10:12:21","0000-00-00 00:00:00"
"401","fa fa-sun-o","fa-sun-o","Web Application Icons","2017-05-19 10:12:21","0000-00-00 00:00:00"
"402","fa fa-superscript","fa-superscript","Web Application Icons","2017-05-19 10:12:21","0000-00-00 00:00:00"
"403","fa fa-tablet","fa-tablet","Web Application Icons","2017-05-19 10:12:21","0000-00-00 00:00:00"
"404","fa fa-tachometer","fa-tachometer","Web Application Icons","2017-05-19 10:12:21","0000-00-00 00:00:00"
"405","fa fa-tag","fa-tag","Web Application Icons","2017-05-19 10:12:21","0000-00-00 00:00:00"
"406","fa fa-tags","fa-tags","Web Application Icons","2017-05-19 10:12:21","0000-00-00 00:00:00"
"407","fa fa-tasks","fa-tasks","Web Application Icons","2017-05-19 10:12:22","0000-00-00 00:00:00"
"408","fa fa-terminal","fa-terminal","Web Application Icons","2017-05-19 10:12:22","0000-00-00 00:00:00"
"409","fa fa-thumb-tack","fa-thumb-tack","Web Application Icons","2017-05-19 10:12:22","0000-00-00 00:00:00"
"410","fa fa-thumbs-down","fa-thumbs-down","Web Application Icons","2017-05-19 10:12:22","0000-00-00 00:00:00"
"411","fa fa-thumbs-o-down","fa-thumbs-o-down","Web Application Icons","2017-05-19 10:12:22","0000-00-00 00:00:00"
"412","fa fa-thumbs-o-up","fa-thumbs-o-up","Web Application Icons","2017-05-19 10:12:22","0000-00-00 00:00:00"
"413","fa fa-thumbs-up","fa-thumbs-up","Web Application Icons","2017-05-19 10:12:22","0000-00-00 00:00:00"
"414","fa fa-ticket","fa-ticket","Web Application Icons","2017-05-19 10:12:22","0000-00-00 00:00:00"
"415","fa fa-times","fa-times","Web Application Icons","2017-05-19 10:12:22","0000-00-00 00:00:00"
"416","fa fa-times-circle","fa-times-circle","Web Application Icons","2017-05-19 10:12:22","0000-00-00 00:00:00"
"417","fa fa-times-circle-o","fa-times-circle-o","Web Application Icons","2017-05-19 10:12:22","0000-00-00 00:00:00"
"418","fa fa-tint","fa-tint","Web Application Icons","2017-05-19 10:12:22","0000-00-00 00:00:00"
"419","fa fa-toggle-down","fa-toggle-down (alias)","Web Application Icons","2017-05-19 10:12:22","0000-00-00 00:00:00"
"420","fa fa-toggle-right","fa-toggle-right (alias)","Web Application Icons","2017-05-19 10:12:22","0000-00-00 00:00:00"
"421","fa fa-toggle-up","fa-toggle-up (alias)","Web Application Icons","2017-05-19 10:12:22","0000-00-00 00:00:00"
"422","fa fa-trash-o","fa-trash-o","Web Application Icons","2017-05-19 10:12:22","0000-00-00 00:00:00"
"423","fa fa-trophy","fa-trophy","Web Application Icons","2017-05-19 10:12:22","0000-00-00 00:00:00"
"424","fa fa-truck","fa-truck","Web Application Icons","2017-05-19 10:12:22","0000-00-00 00:00:00"
"425","fa fa-umbrella","fa-umbrella","Web Application Icons","2017-05-19 10:12:22","0000-00-00 00:00:00"
"426","fa fa-unlock","fa-unlock","Web Application Icons","2017-05-19 10:12:22","0000-00-00 00:00:00"
"427","fa fa-unlock-alt","fa-unlock-alt","Web Application Icons","2017-05-19 10:12:22","0000-00-00 00:00:00"
"428","fa fa-unsorted","fa-unsorted (alias)","Web Application Icons","2017-05-19 10:12:22","0000-00-00 00:00:00"
"429","fa fa-upload","fa-upload","Web Application Icons","2017-05-19 10:12:22","0000-00-00 00:00:00"
"430","fa fa-user","fa-user","Web Application Icons","2017-05-19 10:12:22","0000-00-00 00:00:00"
"431","fa fa-users","fa-users","Web Application Icons","2017-05-19 10:12:22","0000-00-00 00:00:00"
"432","fa fa-video-camera","fa-video-camera","Web Application Icons","2017-05-19 10:12:22","0000-00-00 00:00:00"
"433","fa fa-volume-down","fa-volume-down","Web Application Icons","2017-05-19 10:12:22","0000-00-00 00:00:00"
"434","fa fa-volume-off","fa-volume-off","Web Application Icons","2017-05-19 10:12:22","0000-00-00 00:00:00"
"435","fa fa-volume-up","fa-volume-up","Web Application Icons","2017-05-19 10:12:22","0000-00-00 00:00:00"
"436","fa fa-warning","fa-warning (alias)","Web Application Icons","2017-05-19 10:12:23","0000-00-00 00:00:00"
"437","fa fa-wrench","fa-wrench","Web Application Icons","2017-05-19 10:12:23","0000-00-00 00:00:00"
"438","fa fa-bitcoin","fa-bitcoin (alias)","Currency Icons","2017-05-19 10:12:23","0000-00-00 00:00:00"
"439","fa fa-btc","fa-btc","Currency Icons","2017-05-19 10:12:23","0000-00-00 00:00:00"
"440","fa fa-cny","fa-cny (alias)","Currency Icons","2017-05-19 10:12:23","0000-00-00 00:00:00"
"441","fa fa-dollar","fa-dollar (alias)","Currency Icons","2017-05-19 10:12:23","0000-00-00 00:00:00"
"442","fa fa-eur","fa-eur","Currency Icons","2017-05-19 10:12:23","0000-00-00 00:00:00"
"443","fa fa-euro","fa-euro (alias)","Currency Icons","2017-05-19 10:12:23","0000-00-00 00:00:00"
"444","fa fa-gbp","fa-gbp","Currency Icons","2017-05-19 10:12:23","0000-00-00 00:00:00"
"445","fa fa-inr","fa-inr","Currency Icons","2017-05-19 10:12:23","0000-00-00 00:00:00"
"446","fa fa-jpy","fa-jpy","Currency Icons","2017-05-19 10:12:23","0000-00-00 00:00:00"
"447","fa fa-krw","fa-krw","Currency Icons","2017-05-19 10:12:23","0000-00-00 00:00:00"
"448","fa fa-rmb","fa-rmb (alias)","Currency Icons","2017-05-19 10:12:23","0000-00-00 00:00:00"
"449","fa fa-rupee","fa-rupee (alias)","Currency Icons","2017-05-19 10:12:23","0000-00-00 00:00:00"
"450","fa fa-usd","fa-usd","Currency Icons","2017-05-19 10:12:23","0000-00-00 00:00:00"
"451","fa fa-won","fa-won (alias)","Currency Icons","2017-05-19 10:12:23","0000-00-00 00:00:00"
"452","fa fa-yen","fa-yen (alias)","Currency Icons","2017-05-19 10:12:23","0000-00-00 00:00:00"
"453","fa fa-align-center","fa-align-center","Text Editor Icons","2017-05-19 10:12:23","0000-00-00 00:00:00"
"454","fa fa-align-justify","fa-align-justify","Text Editor Icons","2017-05-19 10:12:23","0000-00-00 00:00:00"
"455","fa fa-align-left","fa-align-left","Text Editor Icons","2017-05-19 10:12:23","0000-00-00 00:00:00"
"456","fa fa-align-right","fa-align-right","Text Editor Icons","2017-05-19 10:12:23","0000-00-00 00:00:00"
"457","fa fa-bold","fa-bold","Text Editor Icons","2017-05-19 10:12:23","0000-00-00 00:00:00"
"458","fa fa-chain","fa-chain (alias)","Text Editor Icons","2017-05-19 10:12:23","0000-00-00 00:00:00"
"459","fa fa-chain-broken","fa-chain-broken","Text Editor Icons","2017-05-19 10:12:24","0000-00-00 00:00:00"
"460","fa fa-clipboard","fa-clipboard","Text Editor Icons","2017-05-19 10:12:24","0000-00-00 00:00:00"
"461","fa fa-columns","fa-columns","Text Editor Icons","2017-05-19 10:12:24","0000-00-00 00:00:00"
"462","fa fa-copy","fa-copy (alias)","Text Editor Icons","2017-05-19 10:12:24","0000-00-00 00:00:00"
"463","fa fa-cut","fa-cut (alias)","Text Editor Icons","2017-05-19 10:12:24","0000-00-00 00:00:00"
"464","fa fa-dedent","fa-dedent (alias)","Text Editor Icons","2017-05-19 10:12:24","0000-00-00 00:00:00"
"465","fa fa-file","fa-file","Text Editor Icons","2017-05-19 10:12:24","0000-00-00 00:00:00"
"466","fa fa-file-o","fa-file-o","Text Editor Icons","2017-05-19 10:12:24","0000-00-00 00:00:00"
"467","fa fa-file-text","fa-file-text","Text Editor Icons","2017-05-19 10:12:24","0000-00-00 00:00:00"
"468","fa fa-file-text-o","fa-file-text-o","Text Editor Icons","2017-05-19 10:12:24","0000-00-00 00:00:00"
"469","fa fa-files-o","fa-files-o","Text Editor Icons","2017-05-19 10:12:24","0000-00-00 00:00:00"
"470","fa fa-floppy-o","fa-floppy-o","Text Editor Icons","2017-05-19 10:12:24","0000-00-00 00:00:00"
"471","fa fa-font","fa-font","Text Editor Icons","2017-05-19 10:12:24","0000-00-00 00:00:00"
"472","fa fa-indent","fa-indent","Text Editor Icons","2017-05-19 10:12:24","0000-00-00 00:00:00"
"473","fa fa-italic","fa-italic","Text Editor Icons","2017-05-19 10:12:24","0000-00-00 00:00:00"
"474","fa fa-link","fa-link","Text Editor Icons","2017-05-19 10:12:24","0000-00-00 00:00:00"
"475","fa fa-list","fa-list","Text Editor Icons","2017-05-19 10:12:24","0000-00-00 00:00:00"
"476","fa fa-list-alt","fa-list-alt","Text Editor Icons","2017-05-19 10:12:24","0000-00-00 00:00:00"
"477","fa fa-list-ol","fa-list-ol","Text Editor Icons","2017-05-19 10:12:24","0000-00-00 00:00:00"
"478","fa fa-list-ul","fa-list-ul","Text Editor Icons","2017-05-19 10:12:24","0000-00-00 00:00:00"
"479","fa fa-outdent","fa-outdent","Text Editor Icons","2017-05-19 10:12:24","0000-00-00 00:00:00"
"480","fa fa-paperclip","fa-paperclip","Text Editor Icons","2017-05-19 10:12:24","0000-00-00 00:00:00"
"481","fa fa-paste","fa-paste (alias)","Text Editor Icons","2017-05-19 10:12:24","0000-00-00 00:00:00"
"482","fa fa-repeat","fa-repeat","Text Editor Icons","2017-05-19 10:12:24","0000-00-00 00:00:00"
"483","fa fa-rotate-left","fa-rotate-left (alias)","Text Editor Icons","2017-05-19 10:12:24","0000-00-00 00:00:00"
"484","fa fa-rotate-right","fa-rotate-right (alias)","Text Editor Icons","2017-05-19 10:12:24","0000-00-00 00:00:00"
"485","fa fa-save","fa-save (alias)","Text Editor Icons","2017-05-19 10:12:24","0000-00-00 00:00:00"
"486","fa fa-scissors","fa-scissors","Text Editor Icons","2017-05-19 10:12:24","0000-00-00 00:00:00"
"487","fa fa-strikethrough","fa-strikethrough","Text Editor Icons","2017-05-19 10:12:24","0000-00-00 00:00:00"
"488","fa fa-table","fa-table","Text Editor Icons","2017-05-19 10:12:25","0000-00-00 00:00:00"
"489","fa fa-text-height","fa-text-height","Text Editor Icons","2017-05-19 10:12:25","0000-00-00 00:00:00"
"490","fa fa-text-width","fa-text-width","Text Editor Icons","2017-05-19 10:12:25","0000-00-00 00:00:00"
"491","fa fa-th","fa-th","Text Editor Icons","2017-05-19 10:12:25","0000-00-00 00:00:00"
"492","fa fa-th-large","fa-th-large","Text Editor Icons","2017-05-19 10:12:25","0000-00-00 00:00:00"
"493","fa fa-th-list","fa-th-list","Text Editor Icons","2017-05-19 10:12:25","0000-00-00 00:00:00"
"494","fa fa-underline","fa-underline","Text Editor Icons","2017-05-19 10:12:25","0000-00-00 00:00:00"
"495","fa fa-undo","fa-undo","Text Editor Icons","2017-05-19 10:12:25","0000-00-00 00:00:00"
"496","fa fa-unlink","fa-unlink (alias)","Text Editor Icons","2017-05-19 10:12:25","0000-00-00 00:00:00"
"497","fa fa-angle-double-down","fa-angle-double-down","Directional Icons","2017-05-19 10:12:25","0000-00-00 00:00:00"
"498","fa fa-angle-double-left","fa-angle-double-left","Directional Icons","2017-05-19 10:12:25","0000-00-00 00:00:00"
"499","fa fa-angle-double-right","fa-angle-double-right","Directional Icons","2017-05-19 10:12:25","0000-00-00 00:00:00"
"500","fa fa-angle-double-up","fa-angle-double-up","Directional Icons","2017-05-19 10:12:25","0000-00-00 00:00:00"
"501","fa fa-angle-down","fa-angle-down","Directional Icons","2017-05-19 10:12:25","0000-00-00 00:00:00"
"502","fa fa-angle-left","fa-angle-left","Directional Icons","2017-05-19 10:12:25","0000-00-00 00:00:00"
"503","fa fa-angle-right","fa-angle-right","Directional Icons","2017-05-19 10:12:25","0000-00-00 00:00:00"
"504","fa fa-angle-up","fa-angle-up","Directional Icons","2017-05-19 10:12:25","0000-00-00 00:00:00"
"505","fa fa-arrow-circle-down","fa-arrow-circle-down","Directional Icons","2017-05-19 10:12:25","0000-00-00 00:00:00"
"506","fa fa-arrow-circle-left","fa-arrow-circle-left","Directional Icons","2017-05-19 10:12:25","0000-00-00 00:00:00"
"507","fa fa-arrow-circle-o-down","fa-arrow-circle-o-down","Directional Icons","2017-05-19 10:12:25","0000-00-00 00:00:00"
"508","fa fa-arrow-circle-o-up","fa-arrow-circle-o-up","Directional Icons","2017-05-19 10:12:25","0000-00-00 00:00:00"
"509","fa fa-arrow-circle-right","fa-arrow-circle-right","Directional Icons","2017-05-19 10:12:25","0000-00-00 00:00:00"
"510","fa fa-arrow-circle-up","fa-arrow-circle-up","Directional Icons","2017-05-19 10:12:25","0000-00-00 00:00:00"
"511","fa fa-arrow-down","fa-arrow-down","Directional Icons","2017-05-19 10:12:25","0000-00-00 00:00:00"
"512","fa fa-arrow-left","fa-arrow-left","Directional Icons","2017-05-19 10:12:25","0000-00-00 00:00:00"
"513","fa fa-arrow-right","fa-arrow-right","Directional Icons","2017-05-19 10:12:25","0000-00-00 00:00:00"
"514","fa fa-arrow-up","fa-arrow-up","Directional Icons","2017-05-19 10:12:25","0000-00-00 00:00:00"
"515","fa fa-arrows-alt","fa-arrows-alt","Directional Icons","2017-05-19 10:12:26","0000-00-00 00:00:00"
"516","fa fa-caret-down","fa-caret-down","Directional Icons","2017-05-19 10:12:26","0000-00-00 00:00:00"
"517","fa fa-caret-left","fa-caret-left","Directional Icons","2017-05-19 10:12:26","0000-00-00 00:00:00"
"518","fa fa-caret-right","fa-caret-right","Directional Icons","2017-05-19 10:12:26","0000-00-00 00:00:00"
"519","fa fa-caret-up","fa-caret-up","Directional Icons","2017-05-19 10:12:26","0000-00-00 00:00:00"
"520","fa fa-chevron-circle-down","fa-chevron-circle-down","Directional Icons","2017-05-19 10:12:26","0000-00-00 00:00:00"
"521","fa fa-chevron-circle-left","fa-chevron-circle-left","Directional Icons","2017-05-19 10:12:26","0000-00-00 00:00:00"
"522","fa fa-chevron-circle-right","fa-chevron-circle-right","Directional Icons","2017-05-19 10:12:26","0000-00-00 00:00:00"
"523","fa fa-chevron-circle-up","fa-chevron-circle-up","Directional Icons","2017-05-19 10:12:26","0000-00-00 00:00:00"
"524","fa fa-chevron-down","fa-chevron-down","Directional Icons","2017-05-19 10:12:26","0000-00-00 00:00:00"
"525","fa fa-chevron-left","fa-chevron-left","Directional Icons","2017-05-19 10:12:26","0000-00-00 00:00:00"
"526","fa fa-chevron-right","fa-chevron-right","Directional Icons","2017-05-19 10:12:26","0000-00-00 00:00:00"
"527","fa fa-chevron-up","fa-chevron-up","Directional Icons","2017-05-19 10:12:26","0000-00-00 00:00:00"
"528","fa fa-hand-o-down","fa-hand-o-down","Directional Icons","2017-05-19 10:12:26","0000-00-00 00:00:00"
"529","fa fa-hand-o-left","fa-hand-o-left","Directional Icons","2017-05-19 10:12:26","0000-00-00 00:00:00"
"530","fa fa-hand-o-right","fa-hand-o-right","Directional Icons","2017-05-19 10:12:26","0000-00-00 00:00:00"
"531","fa fa-hand-o-up","fa-hand-o-up","Directional Icons","2017-05-19 10:12:26","0000-00-00 00:00:00"
"532","fa fa-long-arrow-down","fa-long-arrow-down","Directional Icons","2017-05-19 10:12:26","0000-00-00 00:00:00"
"533","fa fa-long-arrow-left","fa-long-arrow-left","Directional Icons","2017-05-19 10:12:26","0000-00-00 00:00:00"
"534","fa fa-long-arrow-right","fa-long-arrow-right","Directional Icons","2017-05-19 10:12:26","0000-00-00 00:00:00"
"535","fa fa-long-arrow-up","fa-long-arrow-up","Directional Icons","2017-05-19 10:12:26","0000-00-00 00:00:00"
"536","fa fa-backward","fa-backward","Video Player Icons","2017-05-19 10:12:26","0000-00-00 00:00:00"
"537","fa fa-compress","fa-compress","Video Player Icons","2017-05-19 10:12:26","0000-00-00 00:00:00"
"538","fa fa-eject","fa-eject","Video Player Icons","2017-05-19 10:12:26","0000-00-00 00:00:00"
"539","fa fa-expand","fa-expand","Video Player Icons","2017-05-19 10:12:26","0000-00-00 00:00:00"
"540","fa fa-fast-backward","fa-fast-backward","Video Player Icons","2017-05-19 10:12:26","0000-00-00 00:00:00"
"541","fa fa-fast-forward","fa-fast-forward","Video Player Icons","2017-05-19 10:12:26","0000-00-00 00:00:00"
"542","fa fa-forward","fa-forward","Video Player Icons","2017-05-19 10:12:26","0000-00-00 00:00:00"
"543","fa fa-pause","fa-pause","Video Player Icons","2017-05-19 10:12:26","0000-00-00 00:00:00"
"544","fa fa-play","fa-play","Video Player Icons","2017-05-19 10:12:26","0000-00-00 00:00:00"
"545","fa fa-play-circle","fa-play-circle","Video Player Icons","2017-05-19 10:12:27","0000-00-00 00:00:00"
"546","fa fa-play-circle-o","fa-play-circle-o","Video Player Icons","2017-05-19 10:12:27","0000-00-00 00:00:00"
"547","fa fa-step-backward","fa-step-backward","Video Player Icons","2017-05-19 10:12:27","0000-00-00 00:00:00"
"548","fa fa-step-forward","fa-step-forward","Video Player Icons","2017-05-19 10:12:27","0000-00-00 00:00:00"
"549","fa fa-stop","fa-stop","Video Player Icons","2017-05-19 10:12:27","0000-00-00 00:00:00"
"550","fa fa-youtube-play","fa-youtube-play","Video Player Icons","2017-05-19 10:12:27","0000-00-00 00:00:00"
"551","fa fa-adn","fa-adn","Brand Icons","2017-05-19 10:12:27","0000-00-00 00:00:00"
"552","fa fa-android","fa-android","Brand Icons","2017-05-19 10:12:27","0000-00-00 00:00:00"
"553","fa fa-apple","fa-apple","Brand Icons","2017-05-19 10:12:27","0000-00-00 00:00:00"
"554","fa fa-bitbucket","fa-bitbucket","Brand Icons","2017-05-19 10:12:27","0000-00-00 00:00:00"
"555","fa fa-bitbucket-square","fa-bitbucket-square","Brand Icons","2017-05-19 10:12:27","0000-00-00 00:00:00"
"556","fa fa-css3","fa-css3","Brand Icons","2017-05-19 10:12:27","0000-00-00 00:00:00"
"557","fa fa-dribbble","fa-dribbble","Brand Icons","2017-05-19 10:12:27","0000-00-00 00:00:00"
"558","fa fa-dropbox","fa-dropbox","Brand Icons","2017-05-19 10:12:27","0000-00-00 00:00:00"
"559","fa fa-facebook","fa-facebook","Brand Icons","2017-05-19 10:12:27","0000-00-00 00:00:00"
"560","fa fa-facebook-square","fa-facebook-square","Brand Icons","2017-05-19 10:12:27","0000-00-00 00:00:00"
"561","fa fa-flickr","fa-flickr","Brand Icons","2017-05-19 10:12:27","0000-00-00 00:00:00"
"562","fa fa-foursquare","fa-foursquare","Brand Icons","2017-05-19 10:12:27","0000-00-00 00:00:00"
"563","fa fa-github","fa-github","Brand Icons","2017-05-19 10:12:27","0000-00-00 00:00:00"
"564","fa fa-github-alt","fa-github-alt","Brand Icons","2017-05-19 10:12:27","0000-00-00 00:00:00"
"565","fa fa-github-square","fa-github-square","Brand Icons","2017-05-19 10:12:28","0000-00-00 00:00:00"
"566","fa fa-gittip","fa-gittip","Brand Icons","2017-05-19 10:12:28","0000-00-00 00:00:00"
"567","fa fa-google-plus","fa-google-plus","Brand Icons","2017-05-19 10:12:28","0000-00-00 00:00:00"
"568","fa fa-google-plus-square","fa-google-plus-square","Brand Icons","2017-05-19 10:12:28","0000-00-00 00:00:00"
"569","fa fa-html5","fa-html5","Brand Icons","2017-05-19 10:12:28","0000-00-00 00:00:00"
"570","fa fa-instagram","fa-instagram","Brand Icons","2017-05-19 10:12:28","0000-00-00 00:00:00"
"571","fa fa-linkedin","fa-linkedin","Brand Icons","2017-05-19 10:12:28","0000-00-00 00:00:00"
"572","fa fa-linkedin-square","fa-linkedin-square","Brand Icons","2017-05-19 10:12:28","0000-00-00 00:00:00"
"573","fa fa-linux","fa-linux","Brand Icons","2017-05-19 10:12:28","0000-00-00 00:00:00"
"574","fa fa-maxcdn","fa-maxcdn","Brand Icons","2017-05-19 10:12:28","0000-00-00 00:00:00"
"575","fa fa-pinterest","fa-pinterest","Brand Icons","2017-05-19 10:12:28","0000-00-00 00:00:00"
"576","fa fa-pinterest-square","fa-pinterest-square","Brand Icons","2017-05-19 10:12:28","0000-00-00 00:00:00"
"577","fa fa-renren","fa-renren","Brand Icons","2017-05-19 10:12:28","0000-00-00 00:00:00"
"578","fa fa-skype","fa-skype","Brand Icons","2017-05-19 10:12:28","0000-00-00 00:00:00"
"579","fa fa-stack-overflow","fa-stack-overflow","Brand Icons","2017-05-19 10:12:28","0000-00-00 00:00:00"
"580","fa fa-trello","fa-trello","Brand Icons","2017-05-19 10:12:28","0000-00-00 00:00:00"
"581","fa fa-tumblr","fa-tumblr","Brand Icons","2017-05-19 10:12:28","0000-00-00 00:00:00"
"582","fa fa-tumblr-square","fa-tumblr-square","Brand Icons","2017-05-19 10:12:28","0000-00-00 00:00:00"
"583","fa fa-twitter","fa-twitter","Brand Icons","2017-05-19 10:12:28","0000-00-00 00:00:00"
"584","fa fa-twitter-square","fa-twitter-square","Brand Icons","2017-05-19 10:12:28","0000-00-00 00:00:00"
"585","fa fa-vk","fa-vk","Brand Icons","2017-05-19 10:12:28","0000-00-00 00:00:00"
"586","fa fa-weibo","fa-weibo","Brand Icons","2017-05-19 10:12:28","0000-00-00 00:00:00"
"587","fa fa-windows","fa-windows","Brand Icons","2017-05-19 10:12:28","0000-00-00 00:00:00"
"588","fa fa-xing","fa-xing","Brand Icons","2017-05-19 10:12:28","0000-00-00 00:00:00"
"589","fa fa-xing-square","fa-xing-square","Brand Icons","2017-05-19 10:12:28","0000-00-00 00:00:00"
"590","fa fa-youtube","fa-youtube","Brand Icons","2017-05-19 10:12:28","0000-00-00 00:00:00"
"591","fa fa-youtube-square","fa-youtube-square","Brand Icons","2017-05-19 10:12:28","0000-00-00 00:00:00"
"592","fa fa-ambulance","fa-ambulance","Medical Icons","2017-05-19 10:12:29","0000-00-00 00:00:00"
"593","fa fa-h-square","fa-h-square","Medical Icons","2017-05-19 10:12:29","0000-00-00 00:00:00"
"594","fa fa-hospital-o","fa-hospital-o","Medical Icons","2017-05-19 10:12:29","0000-00-00 00:00:00"
"595","fa fa-medkit","fa-medkit","Medical Icons","2017-05-19 10:12:29","0000-00-00 00:00:00"
"596","fa fa-stethoscope","fa-stethoscope","Medical Icons","2017-05-19 10:12:29","0000-00-00 00:00:00"
"597","fa fa-user-md","fa-user-md","Medical Icons","2017-05-19 10:12:29","0000-00-00 00:00:00"
